{
    "data_min": [
        641.21,
        1571.04,
        1382.25,
        549.85,
        2387.9,
        9021.73,
        46.85,
        518.69,
        2387.88,
        8099.94,
        8.3249,
        388.0,
        38.14,
        22.8942
    ],
    "data_max": [
        644.53,
        1616.91,
        1441.49,
        556.06,
        2388.56,
        9244.59,
        48.53,
        523.38,
        2388.56,
        8293.72,
        8.5848,
        400.0,
        39.43,
        23.6184
    ],
    "scale": [
        0.30120481927711423,
        0.021800741225201602,
        0.016880486158001348,
        0.1610305958132065,
        1.5151515151518493,
        0.00448712195997486,
        0.5952380952380953,
        0.2132196162046935,
        1.4705882352944717,
        0.005160491278769746,
        3.847633705271258,
        0.08333333333333333,
        0.7751937984496129,
        1.3808340237503458
    ],
    "min": [
        -193.13554216867843,
        -34.24983649444072,
        -23.333051991897364,
        -88.5426731078916,
        -3618.030303031101,
        -40.481602799963994,
        -27.886904761904766,
        -110.59488272921249,
        -3511.5882352949634,
        -41.799669728558214,
        -32.03116583301269,
        -32.33333333333333,
        -29.565891472868238,
        -31.613090306545168
    ]
}